{
  "model_name": "Random Forest",
  "accuracy": 0.9174311926605505,
  "precision": 0.9090909090909091,
  "recall": 0.8333333333333334,
  "f1_score": 0.8695652173913043,
  "roc_auc": 0.9410197869101979,
  "training_samples": 432,
  "test_samples": 109
}