{
  "model_name": "Random Forest - Continuous Candidate",
  "accuracy": 0.992619926199262,
  "precision": 0.9887640449438202,
  "recall": 0.9887640449438202,
  "f1_score": 0.9887640449438202,
  "roc_auc": 0.9999382639832078,
  "confusion_matrix": [
    [
      362,
      2
    ],
    [
      2,
      176
    ]
  ],
  "test_samples": 542
}