{
    "model_name": "Random Forest - Continuous Candidate",
    "accuracy": 0.996309963099631,
    "precision": 0.9943820224719101,
    "recall": 0.9943820224719101,
    "f1_score": 0.9943820224719101,
    "roc_auc": 0.999969131991604,
    "confusion_matrix": [
        [
            363,
            1
        ],
        [
            1,
            177
        ]
    ],
    "test_samples": 542
}